{
  "project_info": {
    "project_number": "43545501893",
    "firebase_url": "https://franc-82ea4.firebaseio.com",
    "project_id": "franc-82ea4",
    "storage_bucket": "franc-82ea4.appspot.com"
  },
  "client": [
    {
      "client_info": {
        "mobilesdk_app_id": "1:43545501893:android:e9fcc8fdc81a7243",
        "android_client_info": {
          "package_name": "com.example.franc"
        }
      },
      "oauth_client": [
        {
          "client_id": "43545501893-eihgs2d5ic21bt8gdgofrm0bhb5qqsv1.apps.googleusercontent.com",
          "client_type": 3
        }
      ],
      "api_key": [
        {
          "current_key": "AIzaSyAI4nsb-gAy8B2r51xOUOo0-8xjmO3jEX4"
        }
      ],
      "services": {
        "appinvite_service": {
          "other_platform_oauth_client": [
            {
              "client_id": "43545501893-eihgs2d5ic21bt8gdgofrm0bhb5qqsv1.apps.googleusercontent.com",
              "client_type": 3
            }
          ]
        }
      }
    },
    {
      "client_info": {
        "mobilesdk_app_id": "1:43545501893:android:eac32bad53624772",
        "android_client_info": {
          "package_name": "com.example.franc1"
        }
      },
      "oauth_client": [
        {
          "client_id": "43545501893-eihgs2d5ic21bt8gdgofrm0bhb5qqsv1.apps.googleusercontent.com",
          "client_type": 3
        }
      ],
      "api_key": [
        {
          "current_key": "AIzaSyAI4nsb-gAy8B2r51xOUOo0-8xjmO3jEX4"
        }
      ],
      "services": {
        "appinvite_service": {
          "other_platform_oauth_client": [
            {
              "client_id": "43545501893-eihgs2d5ic21bt8gdgofrm0bhb5qqsv1.apps.googleusercontent.com",
              "client_type": 3
            }
          ]
        }
      }
    },
    {
      "client_info": {
        "mobilesdk_app_id": "1:43545501893:android:1eb8da44c231b6c6",
        "android_client_info": {
          "package_name": "com.example.mek"
        }
      },
      "oauth_client": [
        {
          "client_id": "43545501893-eihgs2d5ic21bt8gdgofrm0bhb5qqsv1.apps.googleusercontent.com",
          "client_type": 3
        }
      ],
      "api_key": [
        {
          "current_key": "AIzaSyAI4nsb-gAy8B2r51xOUOo0-8xjmO3jEX4"
        }
      ],
      "services": {
        "appinvite_service": {
          "other_platform_oauth_client": [
            {
              "client_id": "43545501893-eihgs2d5ic21bt8gdgofrm0bhb5qqsv1.apps.googleusercontent.com",
              "client_type": 3
            }
          ]
        }
      }
    },
    {
      "client_info": {
        "mobilesdk_app_id": "1:43545501893:android:f17c6f2b147d344c",
        "android_client_info": {
          "package_name": "com.example.mekpap"
        }
      },
      "oauth_client": [
        {
          "client_id": "43545501893-eihgs2d5ic21bt8gdgofrm0bhb5qqsv1.apps.googleusercontent.com",
          "client_type": 3
        }
      ],
      "api_key": [
        {
          "current_key": "AIzaSyAI4nsb-gAy8B2r51xOUOo0-8xjmO3jEX4"
        }
      ],
      "services": {
        "appinvite_service": {
          "other_platform_oauth_client": [
            {
              "client_id": "43545501893-eihgs2d5ic21bt8gdgofrm0bhb5qqsv1.apps.googleusercontent.com",
              "client_type": 3
            }
          ]
        }
      }
    },
    {
      "client_info": {
        "mobilesdk_app_id": "1:43545501893:android:ec1be51610957ed7b1d0ac",
        "android_client_info": {
          "package_name": "com.smart.uber"
        }
      },
      "oauth_client": [
        {
          "client_id": "43545501893-eihgs2d5ic21bt8gdgofrm0bhb5qqsv1.apps.googleusercontent.com",
          "client_type": 3
        }
      ],
      "api_key": [
        {
          "current_key": "AIzaSyAI4nsb-gAy8B2r51xOUOo0-8xjmO3jEX4"
        }
      ],
      "services": {
        "appinvite_service": {
          "other_platform_oauth_client": [
            {
              "client_id": "43545501893-eihgs2d5ic21bt8gdgofrm0bhb5qqsv1.apps.googleusercontent.com",
              "client_type": 3
            }
          ]
        }
      }
    }
  ],
  "configuration_version": "1"
}